id,title,overview,genres,poster_path,vote_average
1125899,Cleaner,"When a group of radical activists take over an energy company's annual gala, seizing 300 hostages, an ex-soldier turned window cleaner suspended 50 storeys up on the outside of the building must save those trapped inside, including her younger brother.","Action, Thriller",/76Xvdqiv8ufGkerQunOpcy98oT7.jpg,6.75
1229730,Carjackers,"By day, they're invisible—valets, hostesses, and bartenders at a luxury hotel. By night, they're the Carjackers, a crew of skilled drivers who track and rob wealthy clients on the road. As they plan their ultimate heist, the hotel director hires a ruthless hitman, to stop them at all costs. With danger closing in, can Nora, Zoe, Steve, and Prestance pull off their biggest score yet?","Action, Adventure",/1bhIezUxvLM9r66yIf1i6EDVJ6R.jpg,7.026
822119,Captain America: Brave New World,"After meeting with newly elected U.S. President Thaddeus Ross, Sam finds himself in the middle of an international incident. He must discover the reason behind a nefarious global plot before the true mastermind has the entire world seeing red.","Action, Thriller, Science Fiction",/pzIddUEMWhWzfvLI3TwxUG2wGoi.jpg,6.119
1261050,The Quiet Ones,"In 2008, a group of men from Denmark and across Europe pull off the biggest heist of all time on Danish soil. Kasper, a boxer with few chances left in life, is offered the opportunity to plan the robbery by its foreign initiators.","Action, Drama",/7NLY1jNwtZX1yVzwVoBeAhaBE8i.jpg,6.2
1197306,A Working Man,"Levon Cade left behind a decorated military career in the black ops to live a simple life working construction. But when his boss's daughter, who is like family to him, is taken by human traffickers, his search to bring her home uncovers a world of corruption far greater than he ever could have imagined.","Action, Crime, Thriller",/bkbmInoAnEaMH4oxpXAXWwKr8Kd.jpg,6.9
1165067,Cosmic Chaos,"Battles in virtual reality, survival in a post-apocalyptic wasteland, a Soviet spaceship giving a distress signal - Fantastic stories created with advanced special effects and passion.","Thriller, Science Fiction",/mClzWv7gBqgXfjZXp49Enyoex1v.jpg,6.944
1373723,The Codes of War,"War stories about family, ethics and honor include the true story of two U.S. Marines who in a span of six seconds, must stand their ground to stop a suicide truck bomb, a Navy Corpsman who attempts to hold on to his humanity, and a WW2 soldier who gets separated from his squad and is forced to re-evaluate his code.","Action, War",/oXeiQAfRK90pxxhP5iKPXQqAIN1.jpg,7.44
1252309,Ask Me What You Want,"After his father's death, Eric Zimmerman travels to Spain to oversee his company's branches. In Madrid, he falls for Judith and engage in an intense, erotic relationship full of exploration. However, Eric fears his secret may end their affair.","Romance, Drama",/76qnVxU2rPdVvipBN3DPQH6fVYB.jpg,6.0
1388366,Popeye the Slayer Man,"A curious group of friends sneak into an abandoned spinach canning factory to film a documentary on the legend of the ""Sailor Man,"" who is said to haunt the factory and local docks.",Horror,/nVwu3mN7hr1yF467pGct3yQFM41.jpg,6.7
257094,Holland,"Nancy, a teacher whose life with her husband in Holland, Michigan, tumbles into a twisted tale when she and her colleague become suspicious of a secret.","Thriller, Mystery",/39jIr3A4ScUeGxFdMeARYKNxTgU.jpg,5.5
762509,Mufasa: The Lion King,"Mufasa, a cub lost and alone, meets a sympathetic lion named Taka, the heir to a royal bloodline. The chance meeting sets in motion an expansive journey of a group of misfits searching for their destiny.","Adventure, Family, Animation",/lurEK87kukWNaHd0zYnsi3yzJrs.jpg,7.5
950387,A Minecraft Movie,"Four misfits find themselves struggling with ordinary problems when they are suddenly pulled through a mysterious portal into the Overworld: a bizarre, cubic wonderland that thrives on imagination. To get back home, they'll have to master this world while embarking on a magical quest with an unexpected, expert crafter, Steve.","Family, Comedy, Adventure, Fantasy",/yFHHfHcUgGAxziP1C3lLt0q2T4s.jpg,6.872
447273,Snow White,"Princess Snow White flees the castle when the Evil Queen, in her jealousy over Snow White's inner beauty, tries to kill her. Deep into the dark woods, she stumbles upon seven magical dwarves and a young thief named Jonathan. Together, they strive to survive the Queen's relentless pursuit and aspire to take back the kingdom in the process.","Family, Fantasy",/xWWg47tTfparvjK0WJNX4xL8lW2.jpg,4.505
1254786,The Life List,"When her mother sends her on a quest to complete a teenage bucket list, a young woman uncovers family secrets, finds romance — and rediscovers herself.","Romance, Comedy, Drama",/5fg98cVo7da7OIK45csdLSd4NaU.jpg,6.959
1241982,Moana 2,"After receiving an unexpected call from her wayfinding ancestors, Moana journeys alongside Maui and a new crew to the far seas of Oceania and into dangerous, long-lost waters for an adventure unlike anything she's ever faced.","Animation, Adventure, Family, Comedy",/aLVkiINlIeCkcZIzb7XHzPYgO6L.jpg,7.1
1020414,Peter Pan's Neverland Nightmare,"Wendy Darling strikes out in an attempt to rescue her brother Michael from the clutches of the evil Peter Pan who intends to send him to Neverland. Along the way she meets a twisted Tinkerbell, who is hooked on what she thinks is fairy dust.","Horror, Thriller, Fantasy",/mOR1Ks0EcXocwMV4EPv4letz0F5.jpg,5.846
1233575,Black Bag,"When an intelligence agent is suspected of betraying the nation, her husband – also a legendary agent · faces the ultimate test of whether to be loyal to his marriage, or his country.","Thriller, Drama, Mystery",/hHPovtU4b96LHcoeEwRkGHI5btw.jpg,6.631
1356039,Counterattack,"When a hostage rescue mission creates a new enemy, Capt. Guerrero and his elite soldiers must face an ambush by a criminal group.","Action, Adventure, Thriller",/8JK8VD6FUP1Ylke6KE7gWpW7heG.jpg,8.404
1297763,Batman Ninja vs. Yakuza League,"The Batman family has returned to the present to discover that Japan has disappeared, and a giant island - Hinomoto - is now in the sky over Gotham City.  At the top sit the Yakuza, a group of superpowered individuals who reign without honor or humanity and look suspiciously like the Justice League. Now, it’s up to Batman and his allies to save Gotham!","Animation, Action",/sVVT6GYFErVv0Lcc9NvqCu0iOxO.jpg,6.774
939243,Sonic the Hedgehog 3,"Sonic, Knuckles, and Tails reunite against a powerful new adversary, Shadow, a mysterious villain with powers unlike anything they have faced before. With their abilities outmatched in every way, Team Sonic must seek out an unlikely alliance in hopes of stopping Shadow and protecting the planet.","Action, Science Fiction, Comedy, Family, Adventure, Fantasy",/d8Ryb8AunYAuycVKDp5HpdWPKgC.jpg,7.763
1126166,Flight Risk,"A U.S. Marshal escorts a government witness to trial after he's accused of getting involved with a mob boss, only to discover that the pilot who is transporting them is also a hitman sent to assassinate the informant. After they subdue him, they're forced to fly together after discovering that there are others attempting to eliminate them.","Action, Crime, Thriller",/q0bCG4NX32iIEsRFZqRtuvzNCyZ.jpg,6.1
950396,The Gorge,"Two highly trained operatives grow close from a distance after being sent to guard opposite sides of a mysterious gorge. When an evil below emerges, they must work together to survive what lies within.","Romance, Science Fiction, Thriller",/7iMBZzVZtG0oBug4TfqDb9ZxAOa.jpg,7.7
1301650,Z Zone,"In a remote corner of the world, a group of troubled youths finds themselves whisked away to a mysterious military base after a series of misbehaviors. Expecting little more than a stern reprimand, they are instead thrust into a world of secrets and shadows.  In a desperate bid for freedom, they must unravel the mysteries of the base and confront the sinister forces that lurk in the shadows. But with time running out and danger lurking around every corner, the odds of survival grow slimmer by the minute.  Courage, strength, and sacrifice, would they finally escape the clutches of the base and emerge from the darkness into the light?",Horror,/s6kFtdxfTC4xR8yDGbIjTgGEcFI.jpg,7.1
696506,Mickey 17,"Unlikely hero Mickey Barnes finds himself in the extraordinary circumstance of working for an employer who demands the ultimate commitment to the job… to die, for a living.","Science Fiction, Comedy, Adventure",/edKpE9B5qN3e559OuMCLZdW1iBZ.jpg,6.967
1441734,Final Twist,"Monica has a podcast and Alex has a dark secret. Sometimes, meeting up with online friends in real life isn't such a good idea.",Horror,/npzFyBu4fFPQpWXaLKdrXc6JrUK.jpg,0.0
1405338,Demon City,"Framed for his family's murder and left for dead, an ex-hitman will stop at nothing to exact revenge on the masked ""demons"" who have taken over his city.","Action, Crime, Fantasy, Thriller",/g5PqsFFrayyRL1Ldgib2lMYuJXg.jpg,6.937
1077782,Old Guy,"Stuck at a dead end but vying for the love of spunky club manager Anata, aging contract killer Danny Dolinski is thrilled when The Company pulls him back in the field, but only to train Gen Z newcomer Wihlborg, a prodigy assassin with an attitude.","Action, Comedy",/ulVVfNY8bmy1RbHfY4zi3fOwGzh.jpg,5.623
1139937,Frogman,"An amateur filmmaker, struggling to turn his passion into a career, returns with friends to Loveland, Ohio, the location of his first, notorious sighting of the Frogman, determined to obtain irrefutable proof that the cryptid legend exists.","Horror, Fantasy",/hgAHquo8Bt0ub0ru3QLiyrhGltW.jpg,5.0
539972,Kraven the Hunter,"Kraven Kravinoff's complex relationship with his ruthless gangster father, Nikolai, starts him down a path of vengeance with brutal consequences, motivating him to become not only the greatest hunter in the world, but also one of its most feared.","Action, Adventure, Thriller",/1GvBhRxY6MELDfxFrete6BNhBB5.jpg,6.624
1084199,Companion,"During a weekend getaway at a secluded lakeside estate, a group of friends finds themselves entangled in a web of secrets, deception, and advanced technology. As tensions rise and loyalties are tested, they uncover unsettling truths about themselves and the world around them.","Horror, Science Fiction, Thriller",/oCoTgC3UyWGfyQ9thE10ulWR7bn.jpg,7.081
1217379,Hellhound,"Ready to leave his profession behind, Loreno, an assassin, lends help to an old friend, Cetan, and taking one last job in Thailand seeking out a local kingpin. A lapse in judgment means Loreno crosses paths with old colleague Paul.","Action, Crime, Thriller",/h1BtcTEk0pbe9XhbxrAp2oLKoWb.jpg,6.485
777443,The Electric State,"An orphaned teen hits the road with a mysterious robot to find her long-lost brother, teaming up with a smuggler and his wisecracking sidekick.","Science Fiction, Adventure, Action",/1TZ9Er1xEAKizzKKqYVgJIhNkN2.jpg,6.57
1143407,Sky Force,"In the 1965 Indo-Pak War, India faces a devastating surprise attack. Wing Commander Ahuja leads a retaliatory strike, but Squadron Leader Vijaya goes missing after a heroic solo engagement against a superior enemy jet. Ahuja spends 23 years seeking the truth and uncovering a cover-up.","Action, Thriller",/f1KLUpaW7rbXhUm5SxG1lpPFFCJ.jpg,7.2
927342,Amaran,"A heroic true story of Major Mukund Varadarajan, an Indian Army officer who displayed extraordinary bravery during a counterterrorism mission in Kashmir’s Shopian district. The film captures his courage in protecting his nation and the devotion of his wife Indhu Rebecaa Varghese.","Action, Drama, Adventure, War",/eCB06m1KUGilEOlIzb40nkQhVY0.jpg,7.418
912649,Venom: The Last Dance,"Eddie and Venom are on the run. Hunted by both of their worlds and with the net closing in, the duo are forced into a devastating decision that will bring the curtains down on Venom and Eddie's last dance.","Action, Science Fiction, Adventure",/vGXptEdgZIhPg3cGlc7e8sNPC2e.jpg,6.783
1062276,Dark Match,"A small-time wrestling company accepts a well-paying gig in a backwoods town only to learn, too late, that the community is run by a mysterious cult leader with devious plans for their match.","Action, Horror",/6E6fBED3ix7FmrWUWZdeYG4vqK8.jpg,4.8
912032,Mar.IA,"Alina is a movie sound engineer. One day she receives an offer to do the direct sound for an erotic film featuring Maria Black, a famous star of the genre who had already retired. When Maria has a heart attack and dies in the middle of the shoot, and the producers decide not to call the police, a series of sinister and unexpected events are unleashed that will endanger everyone's lives.","Horror, Thriller, Science Fiction",/cGkYqV8Z6hagqpSYaBB3qPsYffi.jpg,0.0
995926,"I, the Executioner","The veteran detective Seo Do-cheol and his team at Major Crimes, relentless in their pursuit of criminals, join forces with rookie cop Park Sun-woo to track down a serial killer who has plunged the nation into turmoil.","Action, Crime",/gAtP0usArK5gVOBObnsENKLwML8.jpg,6.967
1151470,The Vigilante,"Returning from Afghanistan, Jessica, a Spec OPS Marine, finds herself in a war she never imagined and discovers middle America suburbia has changed when her thirteen year old sister, Aimee, is abducted by sex traffickers.","Thriller, Action",/xD9LpYZYmNch2EhHWIJXXFayENH.jpg,5.9
1104845,Plankton: The Movie,Plankton's tangled love story with his sentient computer wife goes sideways when she takes a stand — and decides to destroy the world without him.,"Animation, Adventure, Comedy, Family, Fantasy",/hGaUNLF5VZbg9ovPTyjm9Rv5xWz.jpg,6.94
1202479,Opus,"A young writer is invited to the remote compound of a legendary pop star who mysteriously disappeared thirty years ago. Surrounded by the star's cult of sycophants and intoxicated journalists, she finds herself in the middle of his twisted plan.","Thriller, Mystery, Horror",/eAslhx6gKKD6c1vVY6YV9DSG5lb.jpg,5.6
823219,Flow,"A solitary cat, displaced by a great flood, finds refuge on a boat with various species and must navigate the challenges of adapting to a transformed world together.","Animation, Fantasy, Adventure",/imKSymKBK7o73sajciEmndJoVkR.jpg,8.254
558449,Gladiator II,"Years after witnessing the death of the revered hero Maximus at the hands of his uncle, Lucius is forced to enter the Colosseum after his home is conquered by the tyrannical Emperors who now lead Rome with an iron fist. With rage in his heart and the future of the Empire at stake, Lucius must look to his past to find strength and honor to return the glory of Rome to its people.","Action, Adventure, Drama",/2cxhvwyEwRlysAmRH4iodkvo0z5.jpg,6.767
1124620,The Monkey,"When twin brothers find a mysterious wind-up monkey, a series of outrageous deaths tear their family apart. Twenty-five years later, the monkey begins a new killing spree forcing the estranged brothers to confront the cursed toy.","Horror, Comedy",/yYa8Onk9ow7ukcnfp2QWVvjWYel.jpg,6.0
1357633,Solo Leveling -ReAwakening-,"Over a decade after 'gates' connecting worlds appeared, awakening 'hunters' with superpowers, weakest hunter Sung Jinwoo encounters a double dungeon and accepts a mysterious quest, becoming the only one able to level up, changing his fate. A catch-up recap of the first season coupled with an exclusive sneak peek of the first two episodes of the highly anticipated second season in one momentous theatrical fan experience.","Action, Adventure, Fantasy, Animation",/dblIFen0bNZAq8icJXHwrjfymDW.jpg,6.9
1064486,Memoir of a Snail,"Forcibly separated from her twin brother when they are orphaned, a melancholic misfit learns how to find confidence within herself amid the clutter of misfortunes and everyday life.","Animation, Drama, Comedy",/57AgZv1ITeBLShiNdchZ5153evs.jpg,7.957
533535,Deadpool & Wolverine,"A listless Wade Wilson toils away in civilian life with his days as the morally flexible mercenary, Deadpool, behind him. But when his homeworld faces an existential threat, Wade must reluctantly suit-up again with an even more reluctant Wolverine.","Action, Comedy, Science Fiction",/8cdWjvZQUExUUTzyp4t6EDMubfO.jpg,7.6
519182,Despicable Me 4,"Gru and Lucy and their girls—Margo, Edith and Agnes—welcome a new member to the Gru family, Gru Jr., who is intent on tormenting his dad. Gru also faces a new nemesis in Maxime Le Mal and his femme fatale girlfriend Valentina, forcing the family to go on the run.","Animation, Family, Comedy, Science Fiction",/wWba3TaojhK7NdycRhoQpsG0FaH.jpg,7.1
1160956,Panda Plan,"International action star Jackie Chan is invited to the adoption ceremony of a rare baby panda, but after an international crime syndicate attempts to kidnap the bear, Jackie has to save the bear using his stunt work skills.","Action, Comedy",/hbO8MVrDuT8YxqeJD6DMxcamY9N.jpg,6.962
1391385,Uppercut,"When Elliott, a tough ex-boxing champion, accepts the challenge to train Toni, the two mismatched characters form an unlikely alliance. Their sparring and Elliott's keen insights show the resilient young fighter that real strength comes from the challenges you overcome when life throws its biggest punches your way.","Drama, Thriller",/zv4jdLV7wuQGwhwAOeD7qzd8eSF.jpg,4.2
1010581,My Fault,"Noah must leave her city, boyfriend, and friends to move into William Leister's mansion, the flashy and wealthy husband of her mother Rafaela. As a proud and independent 17 year old, Noah resists living in a mansion surrounded by luxury. However, it is there where she meets Nick, her new stepbrother, and the clash of their strong personalities becomes evident from the very beginning.","Romance, Drama",/w46Vw536HwNnEzOa7J24YH9DPRS.jpg,7.824
926670,Henry Danger: The Movie,"Henry Hart meets a superfan—eager to fight crime with Kid Danger—who comes into possession of a device that can open up alternate realities. Facing a wild ride, Henry will need his best friend Jasper and his new superfan sidekick to find his way out or be stuck in another dimension forever.","Action, Comedy, Family, Science Fiction",/dFWj2rOGsqSIX1PHFghbCBgpMnk.jpg,7.8
1140535,Presence,"A couple, Rebekah and Chris, and their children, Tyler and Chloe, move into a seemingly normal suburban home. When strange occurrences occur, they begin to believe that there is something else in the house with them. The presence is about to disrupt their lives in unimaginable ways.","Horror, Drama, Thriller",/hZ8dTeBzigV5SVgwG1ikSROAFiS.jpg,5.976
7451,xXx,"Xander Cage is your standard adrenaline junkie with no fear and a lousy attitude. When the US Government ""recruits"" him to go on a mission, he's not exactly thrilled. His mission: to gather information on an organization that may just be planning the destruction of the world, led by the nihilistic Yorgi.","Action, Adventure, Thriller, Crime",/xeEw3eLeSFmJgXZzmF2Efww0q3s.jpg,5.9
933260,The Substance,"A fading celebrity decides to use a black market drug, a cell-replicating substance that temporarily creates a younger, better version of herself.","Horror, Science Fiction",/cGm2qnmXx9tFabmzEIkJZjCJdQd.jpg,7.1
1064213,Anora,"A young sex worker from Brooklyn gets her chance at a Cinderella story when she meets and impulsively marries the son of an oligarch. Once the news reaches Russia, her fairytale is threatened as his parents set out to get the marriage annulled.","Drama, Comedy, Romance",/7MrgIUeq0DD2iF7GR6wqJfYZNeC.jpg,7.1
1184918,The Wild Robot,"After a shipwreck, an intelligent robot called Roz is stranded on an uninhabited island. To survive the harsh environment, Roz bonds with the island's animals and cares for an orphaned baby goose.","Animation, Science Fiction, Family",/wTnV3PCVW5O92JMrFvvrRcV39RU.jpg,8.335
1226406,Love Hurts,"A realtor is pulled back into the life he left behind after his former partner-in-crime resurfaces with an ominous message. With his crime-lord brother also on his trail, he must confront his past and the history he never fully buried.","Action, Comedy, Romance",/skPPVeHoTTVVSJlb0Ib5vrqiuA4.jpg,5.94
1022789,Inside Out 2,"Teenager Riley's mind headquarters is undergoing a sudden demolition to make room for something entirely unexpected: new Emotions! Joy, Sadness, Anger, Fear and Disgust, who’ve long been running a successful operation by all accounts, aren’t sure how to feel when Anxiety shows up. And it looks like she’s not alone.","Animation, Adventure, Comedy, Family",/vpnVM9B6NMmQpWeZvzLvDESb2QY.jpg,7.6
1187294,¿Quién es quién?,"The Fuentes are not the best family in the world. But what family is it? Work, school and routine have plunged them into a spiral of disconnection that seems impossible to stop. However, everything changes when the youngest of the group, Valentina, makes a wish for her ninth birthday. The next day, all the members of the family wake up with their bodies swapped: The father is in his wife's body, the girl is trapped in the grandmother's body, the teenage twins are not themselves... Chaos takes over. the family and, desperate, they ask themselves: Who is who? While the family faces crazy situations and hilarious circumstances, the Fuentes must learn to get under each other's skin and trust each other to turn the situation around. Will they be able to return to their original bodies and get their lives back?","Comedy, Family",/o4T0QAgm9bBWaU7kHWGD3o5b4M2.jpg,4.7
1187294,¿Quién es quién?,"The Fuentes are not the best family in the world. But what family is it? Work, school and routine have plunged them into a spiral of disconnection that seems impossible to stop. However, everything changes when the youngest of the group, Valentina, makes a wish for her ninth birthday. The next day, all the members of the family wake up with their bodies swapped: The father is in his wife's body, the girl is trapped in the grandmother's body, the teenage twins are not themselves... Chaos takes over. the family and, desperate, they ask themselves: Who is who? While the family faces crazy situations and hilarious circumstances, the Fuentes must learn to get under each other's skin and trust each other to turn the situation around. Will they be able to return to their original bodies and get their lives back?","Comedy, Family",/o4T0QAgm9bBWaU7kHWGD3o5b4M2.jpg,4.7
1265623,Banger,"When cops recruit a has-been DJ to bust a quirky criminal gang with ties to his rival, he spots a chance to mix his way back to the top with a banger.","Comedy, Music",/2QAgOQWcdQLnbki5V2Sjn1tcnHS.jpg,6.125
1407861,The Bayou,"Vacation turns disaster when Houston grad Kyle and her friends survive a plane crash in the desolate Louisiana everglades, only to discover there's something way more dangerous lurking in the shallows.","Thriller, Horror, Action",/sf6j1SbgDf7VTjL1MRq5MAQSOyE.jpg,6.231
1249289,Alarum,"Two married spies caught in the crosshairs of an international intelligence network will stop at nothing to obtain a critical asset. Joe and Lara are agents living off the grid whose quiet retreat at a winter resort is blown to shreds when members of the old guard suspect the two may have joined an elite team of rogue spies, known as Alarum.","Action, Crime, Thriller",/v313aUGmMNj6yNveaiQXysBmjVS.jpg,5.8
426889,Le Clitoris,"Women are lucky, they get to have the only organ in the human body dedicated exclusively for pleasure: the clitoris! In this humorous and instructive animated documentary, find out its unrecognized anatomy and its unknown herstory.","Animation, Documentary",/p5i1yyQW6OpLfB59w7ZkX5lvBqD.jpg,6.8
1210938,Revelations,A pastor who believes in divine revelation and a detective haunted by visions pursue a missing person case — exposing their own demons in the process.,"Thriller, Crime, Mystery",/ak0HlRVsVzh8mvwIUZpZr0z6uqW.jpg,6.405
980296,Los Frikis,"Gustavo idolizes his older brother Paco and his punk, ""Frikis"" bandmates. When word reaches the Frikis of a potential reprieve from the effects of the economic crisis, they do the now unthinkable: deliberately inject themselves with HIV to live at a government-run treatment home. It's there that they create their own utopia to live and play music freely.",Drama,/kCGWNd8yFQ3E695kYuaUUv62pJP.jpg,6.0
774370,Dog Man,"When a faithful police dog and his human police officer owner are injured together on the job, a harebrained but life-saving surgery fuses the two of them together and Dog Man is born. Dog Man is sworn to protect and serve—and fetch, sit and roll over. As Dog Man embraces his new identity and strives to impress his Chief, he must stop the pretty evil plots of feline supervillain Petey the Cat.","Family, Animation, Comedy, Action",/89wNiexZdvLQ41OQWIsQy4O6jAQ.jpg,7.8
1286663,Control Freak,"A motivational speaker, plagued by an uncontrollable itch on her head, becomes infected with a parasitic demon from her homeland.",Horror,/kmQb07CrOddVGV0Q73aeU4e8I18.jpg,5.6
238,The Godfather,"Spanning the years 1945 to 1955, a chronicle of the fictional Italian-American Corleone crime family. When organized crime family patriarch, Vito Corleone barely survives an attempt on his life, his youngest son, Michael steps in to take care of the would-be killers, launching a campaign of bloody revenge.","Drama, Crime",/3bhkrj58Vtu7enYsRolD1fZdja1.jpg,8.686
1244361,Operation Undead,"Inexperienced Thai soldiers battle a growing undead menace in this gruesome survival horror. A Japanese military experiment that turns men into monsters escapes containment, it’s up to these troops to save their nation from annihilation.","Horror, Action, Thriller",/rs10lMBnJFnJX1Y7MYpyB8JiNAF.jpg,3.8
1230208,Squad 36,"Forced out of his elite unit, a troubled cop launches his own rogue investigation when mysterious killings claim the lives of his former colleagues.","Action, Crime, Drama, Thriller",/AnDwpI8dY8iqJVUwVS5UotYAbB1.jpg,6.336
1156593,Your Fault,The love between Noah and Nick seems unwavering despite their parents' attempts to separate them. But his job and her entry into college open up their lives to new relationships that will shake the foundations of both their relationship and the Leister family itself.,"Romance, Drama",/1sQA7lfcF9yUyoLYC0e6Zo3jmxE.jpg,7.1
335984,Blade Runner 2049,"Thirty years after the events of the first film, a new blade runner, LAPD Officer K, unearths a long-buried secret that has the potential to plunge what's left of society into chaos. K's discovery leads him on a quest to find Rick Deckard, a former LAPD blade runner who has been missing for 30 years.","Science Fiction, Drama",/gajva2L0rPYkEWjzgFlBXCAVBE5.jpg,7.576
921436,Escape,"After completing his required decade of military service and being honored as a hero, a North Korean sergeant makes a sudden shocking attempt to defect to the South, risking life and limb for the chance to finally determine his own destiny.","Action, Drama",/qiYaXpjoPASnLwyts0ZOLBjZO0u.jpg,7.3
157336,Interstellar,The adventures of a group of explorers who make use of a newly discovered wormhole to surpass the limitations on human space travel and conquer the vast distances involved in an interstellar voyage.,"Adventure, Drama, Science Fiction",/gEU2QniE6E77NI6lCU6MxlNBvIx.jpg,8.453
1035048,Elevation,A single father and two women venture from the safety of their homes to face monstrous creatures to save the life of a young boy.,"Action, Science Fiction, Thriller",/tnfc0NJ3BzhJrGJhkkEd6MHBdq5.jpg,6.485
278,The Shawshank Redemption,"Imprisoned in the 1940s for the double murder of his wife and her lover, upstanding banker Andy Dufresne begins a new life at the Shawshank prison, where he puts his accounting skills to work for an amoral warden. During his long stretch in prison, Dufresne comes to be admired by the other inmates -- including an older prisoner named Red -- for his integrity and unquenchable sense of hope.","Drama, Crime",/9cqNxx0GxF0bflZmeSMuL5tnGzr.jpg,8.708
972533,Last Breath,Seasoned deep-sea divers battle the raging elements to rescue their crewmate trapped hundreds of feet below the ocean's surface.,"Thriller, Drama",/w04Xg5Bnqj7ECdCxTsHgqK6AtJW.jpg,6.156
937393,Bloat,"After a near-death drowning accident, a young boy's family is horrified to discover he has become possessed by a legendary demon from the depths of the lake. As the family races against time to save the boy's soul, the evil monster inside the child tears the family apart as it seeks to destroy everyone in its path.",Horror,/nlutnb8dO390fo5zkRayYiVuKdU.jpg,4.6
1294203,My Fault: London,"18-year-old Noah moves from America to London, with her mother who's recently fallen in love with William, a wealthy British businessman. Noah meets William’s son, bad-boy Nick, and soon discovers there is an attraction between them neither can avoid. As Noah spends the summer adjusting to her new life, her devastating past will catch up with her while falling in love for the first time.","Romance, Drama",/ttN5D6GKOwKWHmCzDGctAvaNMAi.jpg,7.5
1333099,Dalia and the Red Book,"Dalia, the daughter of a famous writer who has recently died, inherits the legacy of finishing his book. To do this, Dalia will become part of the book and will come face to face with the characters who have taken the theme of the book in order to be the protagonists.","Adventure, Drama, Fantasy, Animation",/oyGyAQZOj7NzyLxCZX7FHKYELP1.jpg,7.3
170,28 Days Later,"Twenty-eight days after a killer virus was accidentally unleashed from a British research facility, a small group of London survivors are caught in a desperate struggle to protect themselves from the infected. Carried by animals and humans, the virus turns those it infects into homicidal maniacs -- and it's absolutely impossible to contain.","Horror, Thriller, Science Fiction",/sQckQRt17VaWbo39GIu0TMOiszq.jpg,7.23
674,Harry Potter and the Goblet of Fire,"When Harry Potter's name emerges from the Goblet of Fire, he becomes a competitor in a grueling battle for glory among three wizarding schools—the Triwizard Tournament. But since Harry never submitted his name for the Tournament, who did? Now Harry must confront a deadly dragon, fierce water demons and an enchanted maze only to find himself in the cruel grasp of He Who Must Not Be Named.","Adventure, Fantasy",/fECBtHlr0RB3foNHDiCBXeg9Bv9.jpg,7.801
804862,Bring Them Down,"When the ongoing rivalry between farmers Michael and Jack suddenly escalates, it triggers a chain of events that take increasingly violent and devastating turns, leaving both families permanently altered.","Drama, Thriller",/2jskL5eOFTQknpRalJ4chVYyuFo.jpg,6.7
299536,Avengers: Infinity War,"As the Avengers and their allies have continued to protect the world from threats too large for any one hero to handle, a new danger has emerged from the cosmic shadows: Thanos. A despot of intergalactic infamy, his goal is to collect all six Infinity Stones, artifacts of unimaginable power, and use them to inflict his twisted will on all of reality. Everything the Avengers have fought for has led up to this moment - the fate of Earth and existence itself has never been more uncertain.","Adventure, Action, Science Fiction",/7WsyChQLEftFiDOVTGkv3hFpyyt.jpg,8.236
1337395,Kiskisan,"A steamy tale of love, lust, and betrayal. When Adele's sister Bea returns with her girlfriend Cheska, a secret affair begins between Cheska and Adele's boyfriend, Rener, leading to a climactic ending when they're caught.",Drama,/xTKDqre2om0YHHkiQbkiFyMorE9.jpg,7.5
981044,Groper Train: Touch That Girl,Pink film from 1988,,/9WGXuf45ywhXmGIA38oO6X3cpCb.jpg,2.0
402431,Wicked,"In the land of Oz, ostracized and misunderstood green-skinned Elphaba is forced to share a room with the popular aristocrat Glinda at Shiz University, and the two's unlikely friendship is tested as they begin to fulfill their respective destinies as Glinda the Good and the Wicked Witch of the West.","Drama, Romance, Fantasy",/xDGbZ0JJ3mYaGKy4Nzd9Kph6M9L.jpg,6.934
574475,Final Destination Bloodlines,"Plagued by a violent recurring nightmare, college student Stefanie heads home to track down the one person who might be able to break the cycle and save her family from the grisly demise that inevitably awaits them all.","Horror, Mystery",/15oUaXHGHTBm9KLmeOwGTIFrc64.jpg,0.0
774100,"Alexander and the Terrible, Horrible, No Good, Very Bad Road Trip",Eleven-year-old Alexander and his family embark on a dream Spring Break vacation to Mexico City only to have all their plans go terribly wrong when they discover a cursed idol.,"Comedy, Family",/srOAe7Xe2KN4QZDSoALmE9T8Hh6.jpg,6.3
1145725,Tyler Perry's Duplicity,High-powered attorney Marley faces her most personal case yet when she is tasked with uncovering the truth behind the murder of her best friend Fela’s husband. With the help of her boyfriend – a former cop turned private investigator – Marley’s search for what really happened leads her down a treacherous maze of deception and betrayal.,"Thriller, Drama",/xNINmmVZuRn2MWo34Mj42OjBntN.jpg,6.785
1195506,Novocaine,"When the girl of his dreams is kidnapped, everyman Nate turns his inability to feel pain into an unexpected strength in his fight to get her back.","Action, Comedy, Thriller",/xmMHGz9dVRaMY6rRAlEX4W0Wdhm.jpg,6.946
968171,Sex Education Mistresses,"An erotic comedy depicting the sex adventures of  young wives living in an apartment complex, that are not satisfied with just having sex with their husbands.",Comedy,/xghWMg0pkBOdLHCTESyeyHU68wl.jpg,5.5
811941,Devara : Part 1,"Devara, a fearless man from a coastal region, embarks on a perilous journey into the treacherous world of the sea to safeguard the lives of his people. Unbeknownst to him, his brother Bhaira is plotting a conspiracy against him. As events unfold, Devara passes on his legacy to his mild-mannered and timid son, Varada.","Action, Drama",/A9ENz6d4lC3UYOX8Z1gJwDEo1sM.jpg,6.978
1138194,Heretic,"Two young missionaries are forced to prove their faith when they knock on the wrong door and are greeted by a diabolical Mr. Reed, becoming ensnared in his deadly game of cat-and-mouse.","Horror, Thriller",/fr96XzlzsONrQrGfdLMiwtQjott.jpg,7.077
845781,Red One,"After Santa Claus (codename: Red One) is kidnapped, the North Pole's Head of Security must team up with the world's most infamous tracker in a globe-trotting, action-packed mission to save Christmas.","Action, Comedy, Fantasy",/cdqLnri3NEGcmfnqwk2TSIYtddg.jpg,7.06
629078,The Glassworker,A young glassworker-in-training living with his pacifist father finds his apprenticeship upended by an impending war and the arrival of an army colonel to their seaside town.,"Animation, Family, Romance, War",/Aj4IhLVphVwKuZrE5EcSGTUMmk2.jpg,8.1
1260416,Anastasia,"Set 16 years after the execution of the Tsar and his family by the Bolsheviks. Exiles Prince Bounine and his friends come up with a scheme to con money by claiming an imposter to be Princess Anastasia who escaped the shootings. They find a poor woman who is close to suicide and both looks the part and speaks Russian. All they need to do is train her for her role, enough to convince other members of the ex-Royal household and family also in exile.","Drama, TV Movie",,0.0
426063,Nosferatu,"A gothic tale of obsession between a haunted young woman and the terrifying vampire infatuated with her, causing untold horror in its wake.","Fantasy, Horror",/5qGIxdEO841C0tdY8vOdLoRVrr0.jpg,6.7
573435,Bad Boys: Ride or Die,"After their late former Captain is framed, Lowrey and Burnett try to clear his name, only to end up on the run themselves.","Action, Comedy, Crime, Thriller, Adventure",/oGythE98MYleE6mZlGs5oBGkux1.jpg,7.4
1360170,"María, ¡Me muero!","“Maria, I'm dying!” is a comedy about a hypochondriac man, the only being in the world capable of even terminal colds, and his wife who has to put up with it until he decides to do something about it. The fear of death has never been so fun.",Comedy,/u0rr4qLKx0WuKVOwV6mXBsi8l56.jpg,6.3
411,"The Chronicles of Narnia: The Lion, the Witch and the Wardrobe","Siblings Lucy, Edmund, Susan and Peter step through a magical wardrobe and find the land of Narnia. There, they discover a charming, once peaceful kingdom that has been plunged into eternal winter by the evil White Witch, Jadis. Aided by the wise and magnificent lion, Aslan, the children lead Narnia into a spectacular, climactic battle to be free of the Witch's glacial powers forever.","Adventure, Family, Fantasy",/iREd0rNCjYdf5Ar0vfaW32yrkm.jpg,7.133
48650,Room in Rome,"A hotel room in the center of Rome serves as the setting for Alba and Natasha, two sexy and recently acquainted women, to have a physical adventure that touches their very souls.","Drama, Romance",/gx2ENSap1D4nbjcz7cLLAs4S3fy.jpg,6.4
935766,Chuck Billy and The Marvelous Guava Tree,"Chuck Billy has spent his life picking guavas from Jed’s guava tree. But now that Dr. Agripino is going to build a road that will take down the tree, Chuck and his friends are going to do everything they can to stop it.","Family, Adventure, Comedy",/d2K7Zhw9yRjzoa4HBbrjt7aqlgT.jpg,7.9
993710,Back in Action,"Fifteen years after vanishing from the CIA to start a family, elite spies Matt and Emily jump back into the world of espionage when their cover is blown.","Action, Comedy",/3L3l6LsiLGHkTG4RFB2aBA6BttB.jpg,6.5
974453,Absolution,"An aging ex-boxer gangster working as muscle for a Boston crime boss receives an upsetting diagnosis.  Despite a faltering memory, he attempts to rectify the sins of his past and reconnect with his estranged children. He is determined to leave a positive legacy for his grandson, but the criminal underworld isn’t done with him and won’t loosen their grip willingly.","Action, Crime, Thriller, Mystery",/gt70JOD9xsPlpJnuBJAWdOT4yRg.jpg,5.94
829557,365 Days: This Day,"Laura and Massimo are back and hotter than ever. But the reunited couple's new beginning is complicated by Massimo’s family ties and a mysterious man who enters Laura’s life to win her heart and trust, at any cost.","Romance, Drama",/7qU0SOVcQ8BTJLodcAlulUAG16C.jpg,5.897
1352774,Piglet,"On Kate's 21st birthday camping trip, her friends encounter Piglet, a monstrous human-pig hybrid who brutally murders one of them. They uncover Piglet's origins and Kate must confront her past to survive the relentless killer.",Horror,/5wZNFUJAwyX6RCxdqrLO9lLWJ20.jpg,5.9
1034541,Terrifier 3,"Five years after surviving Art the Clown's Halloween massacre, Sienna and Jonathan are still struggling to rebuild their shattered lives. As the holiday season approaches, they try to embrace the Christmas spirit and leave the horrors of the past behind. But just when they think they're safe, Art returns, determined to turn their holiday cheer into a new nightmare. The festive season quickly unravels as Art unleashes his twisted brand of terror, proving that no holiday is safe.","Horror, Thriller",/ju10W5gl3PPK3b7TjEmVOZap51I.jpg,6.9
1118031,Apocalypse Z: The Beginning of the End,"When a kind of rabies that transforms people into aggressive creatures spreads across the planet, Manel isolates himself at home with his cat, relying on his wits to survive; but soon they must go out in search of food, by land and by sea, dodging many dangers.","Drama, Action, Horror",/wIGJnIFQlESkC2rLpfA8EDHqk4g.jpg,6.7
385687,Fast X,"Over many missions and against impossible odds, Dom Toretto and his family have outsmarted, out-nerved and outdriven every foe in their path. Now, they confront the most lethal opponent they've ever faced: A terrifying threat emerging from the shadows of the past who's fueled by blood revenge, and who is determined to shatter this family and destroy everything—and everyone—that Dom loves, forever.","Action, Crime, Thriller, Adventure, Mystery",/fiVW06jE7z9YnO4trhaMEdclSiC.jpg,7.049
1164355,Lembayung,"Arum and Pica, who wanted to complete their internship at Lembayung hospital, had to face mysterious terror from a woman satan who was suspected of hanged herself in the bathroom. The situation became even more tense after they asked others for help to the point where they threatened their own lives and those closest to them.","Horror, Thriller",/5x9LrW0yvtt6S3XovIQHgXfYvLL.jpg,6.9
839033,The Lord of the Rings: The War of the Rohirrim,"A sudden attack by Wulf, a clever and traitorous lord of Rohan seeking vengeance for the death of his father, forces Helm Hammerhand, the King of Rohan, and his people to make a daring last stand in the ancient stronghold of the Hornburg.","Animation, Fantasy, Adventure, Action",/cXzCOx1hUuU9CfmiEv6rXjb6EqU.jpg,6.648
1147416,"Miraculous World: London, At the Edge of Time","To save the future from a terrible fate, Marinette becomes Chronobug and teams up with Bunnyx to defeat a mysterious opponent who travels through time. Who is this new supervillain, and why are they obsessed with exposing Marinette's secret superhero identity? Marinette's only hope is to defeat her new opponent to prevent the end of Ladybug and time itself!","Animation, Adventure, Action, Fantasy",/6AtoMpHvs9pxd30KsyK8QmJ9W9M.jpg,7.2
592695,Pleasure,"19 year old Linnéa leaves her small town in Sweden and heads for Los Angeles with the aim of becoming the world's next big porn star, but the road to her goal turns out to be bumpier than she imagined.",Drama,/TcOsu6iO5prSJbDn9oIQgIW655.jpg,6.285
1442440,Con Mum,"A chef's life is upended when a jet-setting, champagne-sipping, hotel-hopping woman claims to be his long-lost mother. This documentary reveals the untold story.","Documentary, Crime",/iA5ZHflyzsxmR09Ce53w9Ng0tIx.jpg,8.1
808,Shrek,"It ain't easy bein' green -- especially if you're a likable (albeit smelly) ogre named Shrek. On a mission to retrieve a gorgeous princess from the clutches of a fire-breathing dragon, Shrek teams up with an unlikely compatriot -- a wisecracking donkey.","Animation, Comedy, Fantasy, Adventure, Family",/iB64vpL3dIObOtMZgX3RqdVdQDc.jpg,7.75
1014505,OVERLORD: The Sacred Kingdom,"After twelve years of playing his favorite MMORPG game, Momonga logs in for the last time only to find himself transported into its world playing it indefinitely. Throughout his adventures, his avatar ascends to the title of Sorcerer King Ains Ooal Gown. Once prosperous but now on the brink of ruin, The Sacred Kingdom enjoyed years of peace after construction of an enormous wall protecting them from neighboring invasions. But, one day this comes to an end when the Demon Emperor Jaldabaoth arrives with an army of villainous demi-humans. Fearing invasion of their own lands, the neighboring territory of the Slane Theocracy is forced to beg their enemies at the Sorcerer Kingdom for help. Heeding the call, Momonga, now known as the Sorcerer King Ains Ooal Gown, rallies the Sorcerer Kingdom and its undead army to join the fight alongside the Sacred Kingdom and the Slane Theocracy in hopes to defeat the Demon Emperor.","Action, Adventure, Animation, Fantasy",/jEvytxNa5mfW7VAUmDWsZtIdATc.jpg,7.3
1302151,Mesa de regalos,"Nicolás and Antonia are two inseparable friends who are far from the emotional and professional stability that all their acquaintances have achieved. After attending countless weddings, they come up with a plan as bold as it is ingenious: to fund their dreams by organizing their own fake wedding! They announce their ""secret love,"" plan a big celebration, and at the crucial moment, Antonia is to leave Nicolás standing at the altar. Confident that the scandal will discourage guests from claiming their gifts, they plan to split the loot. However, unexpected feelings begin to arise, which could complicate their brilliant plan.",Comedy,/vtabAKvDiJFgsRFskSkX2dOKYr0.jpg,8.561
1302151,Mesa de regalos,"Nicolás and Antonia are two inseparable friends who are far from the emotional and professional stability that all their acquaintances have achieved. After attending countless weddings, they come up with a plan as bold as it is ingenious: to fund their dreams by organizing their own fake wedding! They announce their ""secret love,"" plan a big celebration, and at the crucial moment, Antonia is to leave Nicolás standing at the altar. Confident that the scandal will discourage guests from claiming their gifts, they plan to split the loot. However, unexpected feelings begin to arise, which could complicate their brilliant plan.",Comedy,/vtabAKvDiJFgsRFskSkX2dOKYr0.jpg,8.561
1100782,Smile 2,"About to embark on a new world tour, global pop sensation Skye Riley begins experiencing increasingly terrifying and inexplicable events. Overwhelmed by the escalating horrors and the pressures of fame, Skye is forced to face her dark past to regain control of her life before it spirals out of control.","Horror, Mystery",/ht8Uv9QPv9y7K0RvUyJIaXOZTfd.jpg,6.6
1255788,The Gardener,"Every year the Prime Minister has a list of all kinds of troublemakers eliminated in the name of the famous Reason of State. Serge Shuster, Special Adviser to the President of the Republic, finds himself on this list, better known as the Matignon List.  Condemned to certain death and at the heart of an implacable plot and a state secret that also put his family in danger, Serge, his wife and children have only one hope left - their gardener, Léo, who hates it when « slugs » invade his garden... Especially those that want to kill innocent families.","Action, Comedy",/5T9WR7vIOnHm6xhVt5zBuPbBgt1.jpg,6.3
361743,Top Gun: Maverick,"After more than thirty years of service as one of the Navy’s top aviators, and dodging the advancement in rank that would ground him, Pete “Maverick” Mitchell finds himself training a detachment of TOP GUN graduates for a specialized mission the likes of which no living pilot has ever seen.","Action, Drama",/62HCnUTziyWcpDaBO2i1DX17ljH.jpg,8.181
1293263,The Curse of the Necklace,"After separating due to his unpredictable alcohol infused temper, Frank try to win his wife Laura back by giving her a beautiful antique necklace he finds in an old 1938 evidence bag at the station. Unfortunately, the necklace is a conduit for the tormented soul of an evil boy from long ago, and Laura and her daughters find themselves in terrible danger from a little boy who no longer exists.","Horror, Mystery, Thriller",/tWrYpICZChiPwRnc8SkvxBFBE3y.jpg,5.7
671,Harry Potter and the Philosopher's Stone,"Harry Potter has lived under the stairs at his aunt and uncle's house his whole life. But on his 11th birthday, he learns he's a powerful wizard—with a place waiting for him at the Hogwarts School of Witchcraft and Wizardry. As he learns to harness his newfound powers with the help of the school's kindly headmaster, Harry uncovers the truth about his parents' deaths—and about the villain who's to blame.","Adventure, Fantasy",/wuMc08IPKEatf9rnMNXvIDxqP4W.jpg,7.902
850920,The Parenting,"Boyfriends Josh and Rohan plan a weekend getaway to introduce their parents, only to discover that their rental is home to a 400-year-old poltergeist.","Horror, Comedy",/5lMu14IMuHo0hKYCwCIogt7IioX.jpg,5.886
550,Fight Club,"A ticking-time-bomb insomniac and a slippery soap salesman channel primal male aggression into a shocking new form of therapy. Their concept catches on, with underground ""fight clubs"" forming in every town, until an eccentric gets in the way and ignites an out-of-control spiral toward oblivion.",Drama,/pB8BM7pdSp6B6Ih7QZ4DrQ3PmJK.jpg,8.438
1410082,Sniper: The Last Stand,"To stop an arms dealer from unleashing a deadly superweapon, Ace sniper Brandon Beckett and Agent Zero are deployed to Costa Verde to lead a group of elite soldiers against an unrelenting militia. Taking an untested sniper under his wing, Beckett faces his newest challenge: giving orders instead of receiving them. With both time and ammo running low in a race to save humanity, the team must overcome all odds just to survive.","Action, Thriller",/TVvIyCsFCmLk9MRLbAZi4X8f32.jpg,6.7
1097549,Babygirl,A high-powered CEO puts her career and family on the line when she begins a torrid affair with her much younger intern.,Drama,/A8HbTd0FemZyFCh5qvJFpHGiwF8.jpg,5.829
1006724,Dead Talents Society,"A sheepish rookie ghost must scare the living or risk vanishing forever. With help from a once-lauded mentor, she works to master the art of haunting.","Horror, Comedy",/yDcc3OWNEtzjDtJly1OyZShtTMV.jpg,6.9
24428,The Avengers,"When an unexpected enemy emerges and threatens global safety and security, Nick Fury, director of the international peacekeeping agency known as S.H.I.E.L.D., finds himself in need of a team to pull the world back from the brink of disaster. Spanning the globe, a daring recruitment effort begins!","Science Fiction, Action, Adventure",/RYMX2wcKCBAr24UyPD7xwmjaTn.jpg,7.733
155,The Dark Knight,"Batman raises the stakes in his war on crime. With the help of Lt. Jim Gordon and District Attorney Harvey Dent, Batman sets out to dismantle the remaining criminal organizations that plague the streets. The partnership proves to be effective, but they soon find themselves prey to a reign of chaos unleashed by a rising criminal mastermind known to the terrified citizens of Gotham as the Joker.","Drama, Action, Crime, Thriller",/qJ2tW6WMUDux911r6m7haRef0WH.jpg,8.519
597,Titanic,"101-year-old Rose DeWitt Bukater tells the story of her life aboard the Titanic, 84 years later. A young Rose boards the ship with her mother and fiancé. Meanwhile, Jack Dawson and Fabrizio De Rossi win third-class tickets aboard the ship. Rose tells the whole story from Titanic's departure through to its death—on its first and last voyage—on April 15, 1912.","Drama, Romance",/9xjZS2rlVxm8SFx8kPC3aIGCOYQ.jpg,7.9
1217876,Ellie and the Monster Team,"When a homeless little ghost knocks on the door to the eccentric residents of a Ghost Train on the lookout for a place to belong, she accidentally attracts the attention from the outside world and must team up with the motley crew of monsters on a crazy quest to save not only the future of the Ghost Train but also her only chance to finally have a family of her own.","Animation, Family, Comedy",/xyNtoI1r9ydJRKFGS1SCbT9ying.jpg,5.8
516729,Paddington in Peru,"Paddington travels to Peru to visit his beloved Aunt Lucy, who now resides at the Home for Retired Bears. With the Brown Family in tow, a thrilling adventure ensues when a mystery plunges them into an unexpected journey through the Amazon rainforest and up to the mountain peaks of Peru.","Family, Comedy, Adventure",/1ffZAucqfvQu36x1C49XfOdjuOG.jpg,6.9
58008,Night Nurse,"A dentist invites a elderly patient to stay at his home to recover, unaware that he is a jewel thief. He plans to steal a valuable diamond but then runs into a beautiful nurse who, aside from constantly stripping nude, has plans of her own.",Comedy,/tzhBAhN35YjobVG3Ubm3ERnzhBL.jpg,5.2
1333100,Attack on Titan: THE LAST ATTACK,"A colossal-sized omnibus film bringing together the last two episodes of Attack on Titan in the franchise's first-ever theatrical experience. After venturing beyond the walls and separated from his comrades, Eren finds himself inspired by this new truth and plots the ""Rumbling,"" a terrifying plan to eradicate every living thing in the world. With the fate of the world hanging in the balance, a motley crew of Eren's former comrades and enemies scramble to halt his deadly mission. The only question is, can they stop him?","Animation, Action, Adventure, Fantasy",/aH0N5FnQsU38FJojQus8MUnGm0f.jpg,8.5
872585,Oppenheimer,The story of J. Robert Oppenheimer's role in the development of the atomic bomb during World War II.,"Drama, History",/8Gxv8gSFCU0XGDykEGv7zR1n2ua.jpg,8.1
129,Spirited Away,"A young girl, Chihiro, becomes trapped in a strange new world of spirits. When her parents undergo a mysterious transformation, she must call upon the courage she never knew she had to free her family.","Animation, Family, Fantasy",/39wmItIWsg5sZMyRUHLkWBcuVCM.jpg,8.536
1039659,Winner,"Winner is a brilliant young misfit from Texas who finds her morals challenged while serving in the U.S. Air Force and working as an NSA contractor. A fresh take on the traditional whistleblower thriller, the coming-of-age story follows an idealistic young woman persecuted for standing by her principles.","Comedy, Drama",/wvTlXCh0XKukjsQtFGC4qtnO6Cz.jpg,6.8
634649,Spider-Man: No Way Home,"Peter Parker is unmasked and no longer able to separate his normal life from the high-stakes of being a super-hero. When he asks for help from Doctor Strange the stakes become even more dangerous, forcing him to discover what it truly means to be Spider-Man.","Action, Adventure, Science Fiction",/1g0dhYtq4irTY1GPXvft6k4YLjm.jpg,7.947
1188104,The X-Treme Riders,"A fast-paced action drama about siblings desperately needing money for their mother's treatment. Then the brother, who is the stunt performer, inevitably needs to be involved with.","Action, Crime",/r6vVnsWyESNpiamrfBvnxXYcWlZ.jpg,8.1
980477,Ne Zha 2,"Following the Tribulation, although the souls of Ne Zha and Ao Bing were preserved, their physical bodies will soon be destroyed. Tai Yi Zhen Ren plans to use the Seven Colored Lotus to reshape their physical forms, but encounters numerous difficulties. What will become of Ne Zha and Ao Bing?","Animation, Fantasy, Adventure",/kO9QAkh9sKVAPrmZVVoLF7oku3E.jpg,7.8
1357459,Tatsulok,"Story about a happily married couple visited by an old friend, who ends up stirring the pot by becoming sexually involved with both the husband and the wife.","Drama, Romance",/zcmPxGIBxxsGVyYuzNWPCWjlQ8X.jpg,5.4
945961,Alien: Romulus,"While scavenging the deep ends of a derelict space station, a group of young space colonizers come face to face with the most terrifying life form in the universe.","Horror, Science Fiction",/b33nnKl1GSFbao4l3fZDDqsMx0F.jpg,7.2
569094,Spider-Man: Across the Spider-Verse,"After reuniting with Gwen Stacy, Brooklyn’s full-time, friendly neighborhood Spider-Man is catapulted across the Multiverse, where he encounters the Spider Society, a team of Spider-People charged with protecting the Multiverse’s very existence. But when the heroes clash on how to handle a new threat, Miles finds himself pitted against the other Spiders and must set out on his own to save those he loves most.","Animation, Action, Adventure, Science Fiction",/8Vt6mWEReuy4Of61Lnj5Xj704m8.jpg,8.344
122,The Lord of the Rings: The Return of the King,"As armies mass for a final battle that will decide the fate of the world--and powerful, ancient forces of Light and Dark compete to determine the outcome--one member of the Fellowship of the Ring is revealed as the noble heir to the throne of the Kings of Men. Yet, the sole hope for triumph over evil lies with a brave hobbit, Frodo, who, accompanied by his loyal friend Sam and the hideous, wretched Gollum, ventures deep into the very dark heart of Mordor on his seemingly impossible quest to destroy the Ring of Power.​","Adventure, Fantasy, Action",/rCzpDGLbOoPwLjy3OAm5NUPOTrC.jpg,8.482
1138749,The Island,"When his brother is killed, LAPD officer Mark leaves the city to return to the island he grew up on. Seeking answers and ultimately vengeance, he soon finds himself in a bloody battle with the corrupt tycoon who's taken over the island paradise.","Action, Crime, Thriller",/ajb1rMiorchfRemYHZCkbV9DBg6.jpg,6.164
120,The Lord of the Rings: The Fellowship of the Ring,"Young hobbit Frodo Baggins, after inheriting a mysterious ring from his uncle Bilbo, must leave his home in order to keep it from falling into the hands of its evil creator. Along the way, a fellowship is formed to protect the ringbearer and make sure that the ring arrives at its final destination: Mt. Doom, the only place where it can be destroyed.","Adventure, Fantasy, Action",/6oom5QYQ2yQTMJIbnvbkBL9cHo6.jpg,8.418
974576,Conclave,"After the unexpected death of the Pope, Cardinal Lawrence is tasked with managing the covert and ancient ritual of electing a new one. Sequestered in the Vatican with the Catholic Church’s most powerful leaders until the process is complete, Lawrence finds himself at the center of a conspiracy that could lead to its downfall.","Drama, Thriller, Mystery",/m5x8D0bZ3eKqIVWZ5y7TnZ2oTVg.jpg,7.2
615453,Ne Zha,"The Primus extracts a Mixed Yuan Bead into a Spirit Seed and a Demon Pill. The Spirit Seed can be reincarnated as a human to help King Zhou establish a new dynasty, whereas the Demon Pill will create a devil threatening humanity. Ne Zha is the one who is destined to be the hero, but instead he becomes a devil incarnate, because the Spirit Seed and a Demon Pill are switched.","Animation, Fantasy, Adventure",/phM9bb6s9c60LA8qwsdk7U1N2cS.jpg,7.9
603692,John Wick: Chapter 4,"With the price on his head ever increasing, John Wick uncovers a path to defeating The High Table. But before he can earn his freedom, Wick must face off against a new enemy with powerful alliances across the globe and forces that turn old friends into foes.","Action, Thriller, Crime",/vZloFAK7NmvMGKE7VkF5UHaz0I.jpg,7.722
710295,Wolf Man,"With his marriage fraying, Blake persuades his wife Charlotte to take a break from the city and visit his remote childhood home in rural Oregon. As they arrive at the farmhouse in the dead of night, they're attacked by an unseen animal and barricade themselves inside the home as the creature prowls the perimeter. But as the night stretches on, Blake begins to behave strangely, transforming into something unrecognizable.","Horror, Thriller",/wpSDzTBfF0Eeo5lzu2w9FTujGqd.jpg,6.418
814889,Never Let Go,"As an evil takes over the world beyond their front doorstep, the only protection for a mother and her twin sons is their house and their family’s protective bond.",Horror,/iwUoM3y77fov7bKyFMwpGMzRHyn.jpg,6.2
970450,Werewolves,"A year after a supermoon’s light activated a dormant gene, transforming humans into bloodthirsty werewolves and causing nearly a billion deaths, the nightmare resurfaces as the supermoon rises again. Two scientists attempt to stop the mutation but fail and must now struggle to reach one of their family homes.","Action, Horror, Thriller",/cRTctVlwvMdXVsaYbX5qfkittDP.jpg,6.2
823464,Godzilla x Kong: The New Empire,"Following their explosive showdown, Godzilla and Kong must reunite against a colossal undiscovered threat hidden within our world, challenging their very existence – and our own.","Action, Adventure, Science Fiction",/z1p34vh7dEOnLDmyCrlUVLuoDzd.jpg,7.099
1376879,Tunnel: Sun In The Dark,"In 1967, as the Vietnam War raged, a Vietnamese revolutionary guerrilla team became the U.S. military's top target—charged with safeguarding a secret group of intelligence agents at all costs.","War, History",/qLv0HfTCGGnLgoTOoEWlXvjuwpA.jpg,0.0
693134,Dune: Part Two,"Follow the mythic journey of Paul Atreides as he unites with Chani and the Fremen while on a path of revenge against the conspirators who destroyed his family. Facing a choice between the love of his life and the fate of the known universe, Paul endeavors to prevent a terrible future only he can foresee.","Science Fiction, Adventure",/6izwz7rsy95ARzTR3poZ8H6c5pp.jpg,8.149
698687,Transformers One,"The untold origin story of Optimus Prime and Megatron, better known as sworn enemies, but once were friends bonded like brothers who changed the fate of Cybertron forever.","Animation, Science Fiction, Adventure, Family",/iRCgqpdVE4wyLQvGYU3ZP7pAtUc.jpg,8.095
420818,The Lion King,"Simba idolizes his father, King Mufasa, and takes to heart his own royal destiny. But not everyone in the kingdom celebrates the new cub's arrival. Scar, Mufasa's brother—and former heir to the throne—has plans of his own. The battle for Pride Rock is ravaged with betrayal, tragedy and drama, ultimately resulting in Simba's exile. With help from a curious pair of newfound friends, Simba will have to figure out how to grow up and take back what is rightfully his.","Adventure, Drama, Family, Animation",/dzBtMocZuJbjLOXvrl4zGYigDzh.jpg,7.111
4935,Howl's Moving Castle,"Sophie, a young milliner, is turned into an elderly woman by a witch who enters her shop and curses her. She encounters a wizard named Howl and gets caught up in his resistance to fighting for the king.","Fantasy, Animation, Adventure",/23hUJh7JdO23SpgUB5oiFDQk2wX.jpg,8.397
1043905,Dirty Angels,"During the United States' 2021 withdrawal from Afghanistan, a group of female soldiers posing as medical relief are sent back in to rescue a group of kidnapped teenagers caught between ISIS and the Taliban.","Action, Drama, Thriller, War",/3O3qSGmjRGc10hMwFul8WDxKE5t.jpg,6.2
603,The Matrix,"Set in the 22nd century, The Matrix tells the story of a computer hacker who joins a group of underground insurgents fighting the vast and powerful computers who now rule the earth.","Action, Science Fiction",/dXNAPwY7VrqMAo51EKhhCJfaGb5.jpg,8.224
27449,Baby Face,"A young woman uses her body and her sexuality to help her climb the social ladder, but soon begins to wonder if her new status will ever bring her happiness.",Drama,/dVsv4r90o1gJkNxkpaQ8qxa6G4x.jpg,7.3
502356,The Super Mario Bros. Movie,"While working underground to fix a water main, Brooklyn plumbers—and brothers—Mario and Luigi are transported down a mysterious pipe and wander into a magical new world. But when the brothers are separated, Mario embarks on an epic quest to find Luigi.","Family, Comedy, Adventure, Animation",/qNBAXBIQlnOThrVvA6mA2B5ggV6.jpg,7.625
1362608,Little Siberia,"A pastor's faith turns upside down when a meteorite lands in his small Finnish town, its impact stirring up chaos and criminal intentions.","Comedy, Thriller, Drama",/lhg3YuybroN2gszAEanXLMtj473.jpg,6.0
1011985,Kung Fu Panda 4,"Po is gearing up to become the spiritual leader of his Valley of Peace, but also needs someone to take his place as Dragon Warrior. As such, he will train a new kung fu practitioner for the spot and will encounter a villain called the Chameleon who conjures villains from the past.","Animation, Family, Action, Comedy, Adventure, Fantasy",/nqXsAaQsKw2gKpkfhIgjXNDRqg7.jpg,7.071
1109255,Parthenope,"Parthenope, born in the sea near Naples in 1950, is beautiful, enigmatic, and intelligent. She is shamelessly courted by many. However, beauty comes at a cost.","Romance, Drama",/5SqICqUQaYFeZs1UnBZ4AN6DwcP.jpg,6.9
1247019,Death Whisperer 2,"Three years after his sister's death, Yak relentlessly searches for the dark spirit that killed her in hopes of seeking revenge.","Horror, Thriller, Action",/uDW5eeFUYp1vaU2ymEdVBG6g7iq.jpg,7.0
19995,Avatar,"In the 22nd century, a paraplegic Marine is dispatched to the moon Pandora on a unique mission, but becomes torn between following orders and protecting an alien civilization.","Action, Adventure, Fantasy, Science Fiction",/kyeqWdyUXW608qlYkRqosgbbJyK.jpg,7.587
1316673,Shark Girl,"When a beautiful young influencer survives a mysterious shark attack, she becomes a monstrous apex predator, hunting and feeding in sunny Venice Beach, California.","Horror, Thriller",/o9TpXnGskHRQcHtX4NYndP6o0zA.jpg,2.2
1001274,Night Call,"Mady, a student, works as a locksmith by night. He helps Claire get into her apartment and soon realizes that she lied to him about her identity and robbed something that belonged to a dangerous man, Yannick. Mady gets embroiled in a manhunt and will have one night to prove his innocence.","Thriller, Action",/5NYSdTdM1A4WKDmxwoph7PSFunv.jpg,6.747
198663,The Maze Runner,"Set in a post-apocalyptic world, young Thomas is deposited in a community of boys after his memory is erased, soon learning they're all trapped in a maze that will require him to join forces with fellow “runners” for a shot at escape.","Action, Mystery, Science Fiction, Thriller",/ode14q7WtDugFDp78fo9lCsmay9.jpg,7.189
1013482,Borderline,A helplessly romantic sociopath escapes from a mental institution and invades the home of a '90s pop superstar. He just wants to be loved; she just wants to survive.,"Comedy, Horror, Thriller",/hUrNKVrkMN7sdt0oAioopMcxyoq.jpg,5.8
496243,Parasite,"All unemployed, Ki-taek's family takes peculiar interest in the wealthy and glamorous Parks for their livelihood until they get entangled in an unexpected incident.","Comedy, Thriller, Drama",/7IiTTgloJzvGI1TAYymCfbfl3vT.jpg,8.501
346698,Barbie,"Barbie and Ken are having the time of their lives in the colorful and seemingly perfect world of Barbie Land. However, when they get a chance to go to the real world, they soon discover the joys and perils of living among humans.","Comedy, Adventure",/iuFNMS8U5cb6xfzi51Dbkovj7vM.jpg,6.982
438631,Dune,"Paul Atreides, a brilliant and gifted young man born into a great destiny beyond his understanding, must travel to the most dangerous planet in the universe to ensure the future of his family and his people. As malevolent forces explode into conflict over the planet's exclusive supply of the most precious resource in existence-a commodity capable of unlocking humanity's greatest potential-only those who can conquer their fear will survive.","Science Fiction, Adventure",/d5NXSklXo0qyIYkgV94XAgMIckC.jpg,7.782
1003596,Avengers: Doomsday,An upcoming film in the Marvel Cinematic Universe's (MCU) sixth Phase and part of The Multiverse Saga. Plot TBA.,Science Fiction,/6eB2oh1SplddsZYCdayrIdrIGLd.jpg,0.0
604685,Den of Thieves 2: Pantera,"Big Nick is back on the hunt in Europe and closing in on Donnie, who is embroiled in the treacherous and unpredictable world of diamond thieves and the infamous Panther mafia, as they plot a massive heist of the world's largest diamond exchange.","Action, Crime, Thriller",/rxcyxxarD17xMliStDEhM6y2AYQ.jpg,6.792
98,Gladiator,"After the death of Emperor Marcus Aurelius, his devious son takes power and demotes Maximus, one of Rome's most capable generals who Marcus preferred. Eventually, Maximus is forced to become a gladiator and battle to the death against other men for the amusement of paying audiences.","Action, Drama, Adventure",/ty8TGRuvJLPUmAR1H1nRIsgwvim.jpg,8.217
9532,Final Destination,"After a teenager has a terrifying vision of him and his friends dying in a plane crash, he prevents the accident only to have Death hunt them down, one by one.",Horror,/1mXhlQMnlfvJ2frxTjZSQNnA9Vp.jpg,6.606
354912,Coco,"Despite his family’s baffling generations-old ban on music, Miguel dreams of becoming an accomplished musician like his idol, Ernesto de la Cruz. Desperate to prove his talent, Miguel finds himself in the stunning and colorful Land of the Dead following a mysterious chain of events. Along the way, he meets charming trickster Hector, and together, they set off on an extraordinary journey to unlock the real story behind Miguel's family history.","Family, Animation, Music, Adventure",/gGEsBPAijhVUFoiNpgZXqRVWJt2.jpg,8.204
27205,Inception,"Cobb, a skilled thief who commits corporate espionage by infiltrating the subconscious of his targets is offered a chance to regain his old life as payment for a task considered to be impossible: ""inception"", the implantation of another person's idea into a target's subconscious.","Action, Science Fiction, Adventure",/ljsZTbVsrQSqZgWeep2B1QiDKuh.jpg,8.369
680,Pulp Fiction,"A burger-loving hit man, his philosophical partner, a drug-addled gangster's moll and a washed-up boxer converge in this sprawling, comedic crime caper. Their adventures unfurl in three stories that ingeniously trip back and forth in time.","Thriller, Crime",/vQWk5YBFWF4bZaofAbv0tShwBvQ.jpg,8.489
862,Toy Story,"Led by Woody, Andy's toys live happily in his room until Andy's birthday brings Buzz Lightyear onto the scene. Afraid of losing his place in Andy's heart, Woody plots against Buzz. But when circumstances separate Buzz and Woody from their owner, the duo eventually learns to put aside their differences.","Animation, Adventure, Family, Comedy",/uXDfjJbdP4ijW5hWSBrPrlKpxab.jpg,7.968
549509,The Brutalist,"Escaping post-war Europe, visionary architect László Toth arrives in America to rebuild his life. On his own in a strange new country, a wealthy industrialist recognizes his talent. But power and legacy come at a heavy cost...",Drama,/vP7Yd6couiAaw9jgMd5cjMRj3hQ.jpg,7.077
866398,The Beekeeper,One man's campaign for vengeance takes on national stakes after he is revealed to be a former operative of a powerful and clandestine organization known as Beekeepers.,"Action, Crime, Thriller",/A7EByudX0eOzlkQ2FIbogzyazm2.jpg,7.33
672,Harry Potter and the Chamber of Secrets,"Cars fly, trees fight back, and a mysterious house-elf comes to warn Harry Potter at the start of his second year at Hogwarts. Adventure and danger await when bloody writing on a wall announces: The Chamber Of Secrets Has Been Opened. To save Hogwarts will require all of Harry, Ron and Hermione’s magical abilities and courage.","Adventure, Fantasy",/sdEOH0992YZ0QSxgXNIGLq1ToUi.jpg,7.709
1450436,Puri for Rent,"Aiko Garcia plays a desperate woman thrust into an unusual job. In desperate need of money after getting fired, Nancy finds herself accepting a job as a young and rich disabled man’s sexual partner. But can she let go of her dignity when the sex leads to love?","Drama, Romance",/ry9AWnoAABgxAEzc3BwLHgf1H1b.jpg,0.0
786892,Furiosa: A Mad Max Saga,"As the world falls, young Furiosa is snatched from the Green Place of Many Mothers into the hands of a great biker horde led by the warlord Dementus. Sweeping through the wasteland, they encounter the citadel presided over by Immortan Joe. The two tyrants wage war for dominance, and Furiosa must survive many trials as she puts together the means to find her way home.","Action, Science Fiction, Adventure",/iADOJ8Zymht2JPMoy3R7xceZprc.jpg,7.5
76600,Avatar: The Way of Water,"Set more than a decade after the events of the first film, learn the story of the Sully family (Jake, Neytiri, and their kids), the trouble that follows them, the lengths they go to keep each other safe, the battles they fight to stay alive, and the tragedies they endure.","Science Fiction, Adventure, Action",/t6HIqrRAclMCA60NsSmeqe9RmNV.jpg,7.607
150540,Inside Out,"When 11-year-old Riley moves to a new city, her Emotions team up to help her through the transition. Joy, Fear, Anger, Disgust and Sadness work together, but when Joy and Sadness get lost, they must journey through unfamiliar places to get back home.","Animation, Family, Adventure, Drama, Comedy",/2H1TmgdfNtsKlU9jKdeNyYL5y8T.jpg,7.911
11544,Lilo & Stitch,"As Stitch, a runaway genetic experiment from a faraway planet, wreaks havoc on the Hawaiian Islands, he becomes the mischievous adopted alien ""puppy"" of an independent little girl named Lilo and learns about loyalty, friendship, and ʻohana, the Hawaiian tradition of family.","Animation, Family, Comedy",/d73UqZWyw3MUMpeaFcENgLZ2kWS.jpg,7.529
408,Snow White and the Seven Dwarfs,"A beautiful girl, Snow White, takes refuge in the forest in the house of seven dwarfs to hide from her stepmother, the wicked Queen. The Queen is jealous because she wants to be known as ""the fairest in the land,"" and Snow White's beauty surpasses her own.","Fantasy, Animation, Family",/3VAHfuNb6Z7UiW12iYKANSPBl8m.jpg,7.1
1177908,Flies,"Mr. Machi is a businessman fond of luxuries, easy money and women. A despicable person who abuses his power and position, but suddenly finds himself in an extreme situation: one morning, in broad daylight, he punctures a tire. But his surprise comes when he discovers the disfigured corpse of a stranger in his trunk.  Someone has set a trap for him. There he begins a desperate route to get rid of the body, discover his identity and know who is behind all this. One of the many enemies that he has cultivated over the years, from his own wife to co-workers, bodyguards and politicians. It could have been any of those that he has stepped on during these years to continue climbing or to consolidate his power, because for Luis Machi, people are so insignificant that from afar they look like flies.",Thriller,/x9N3Ve9inJAHIF8vYHpm4hdUdBH.jpg,6.4
14836,Coraline,"Wandering her rambling old house in her boring new town, 11-year-old Coraline discovers a hidden door to a strangely idealized version of her life. In order to stay in the fantasy, she must make a frighteningly real sacrifice.","Animation, Family, Fantasy",/4jeFXQYytChdZYE9JYO7Un87IlW.jpg,7.889
949,Heat,Obsessive master thief Neil McCauley leads a top-notch crew on various daring heists throughout Los Angeles while determined detective Vincent Hanna pursues him without rest. Each man recognizes and respects the ability and the dedication of the other even though they are aware their cat-and-mouse game may end in violence.,"Crime, Drama, Action",/umSVjVdbVwtx5ryCA2QXL44Durm.jpg,7.9
1029235,Azrael,"In a world where no one speaks, a devout female hunts down a young woman who has escaped her imprisonment. Recaptured by its ruthless leaders, Azrael is due to be sacrificed to pacify an ancient evil deep within the surrounding wilderness.","Action, Horror, Thriller",/qpdFKDvJS7oLKTcBLXOaMwUESbs.jpg,6.1
957119,Sidelined: The QB and Me,"Dallas, a burdened but headstrong dancer, is determined to get into the best dance school in the country—her late mother’s alma mater. However, that dream is suddenly derailed when the cheeky yet secretly grieving football star, Drayton, crashes into her life with a unique story of his own. Will the two of them be able to grow into their dreams together, or will their dreams be sidelined?","Comedy, Romance",/mSL6truNrWP1Bn9ng1rN0SkMI4f.jpg,5.8
